{
    "FScore": {
        "mean": 0.8805208207132045,
        "std": 0.030142996976156886
    },
    "Recall": {
        "mean": 0.848933506453049,
        "std": 0.04187376644251989
    },
    "FPR": {
        "mean": 0.0663499566,
        "std": 0.027406769973972154
    }
}